rank,datetime,sid,serial,program,cpu_mins
1,2021-11-17 16:19:00,298,16664,ORACLE.EXE (MMNL),0.873
2,2021-11-17 16:19:00,239,26971,ORACLE.EXE (MMON),0.474
3,2021-11-17 16:19:00,357,36240,ORACLE.EXE (CJQ0),0.458
4,2021-11-17 16:19:00,415,25131,ORACLE.EXE (SMON),0.012
5,2021-11-17 16:19:00,6,53044,ORACLE.EXE (W001),0.008
6,2021-11-17 16:19:00,61,55832,ORACLE.EXE (RECO),0.005
7,2021-11-17 16:19:00,246,16610,ORACLE.EXE (W005),0.005
8,2021-11-17 16:19:00,65,36248,ORACLE.EXE (W003),0.004
9,2021-11-17 16:19:00,245,59363,ORACLE.EXE (W000),0.004
10,2021-11-17 16:19:00,182,44739,ORACLE.EXE (W006),0.003
1,2021-11-17 16:20:00,298,16664,ORACLE.EXE (MMNL),0.879
2,2021-11-17 16:20:00,239,26971,ORACLE.EXE (MMON),0.474
3,2021-11-17 16:20:00,357,36240,ORACLE.EXE (CJQ0),0.458
4,2021-11-17 16:20:00,415,25131,ORACLE.EXE (SMON),0.012
5,2021-11-17 16:20:00,6,53044,ORACLE.EXE (W001),0.008
6,2021-11-17 16:20:00,61,55832,ORACLE.EXE (RECO),0.005
7,2021-11-17 16:20:00,246,16610,ORACLE.EXE (W005),0.005
8,2021-11-17 16:20:00,65,36248,ORACLE.EXE (W003),0.004
9,2021-11-17 16:20:00,245,59363,ORACLE.EXE (W000),0.004
10,2021-11-17 16:20:00,182,44739,ORACLE.EXE (W006),0.003
1,2021-11-17 16:21:00,298,16664,ORACLE.EXE (MMNL),0.879
2,2021-11-17 16:21:00,239,26971,ORACLE.EXE (MMON),0.474
3,2021-11-17 16:21:00,357,36240,ORACLE.EXE (CJQ0),0.458
4,2021-11-17 16:21:00,415,25131,ORACLE.EXE (SMON),0.012
5,2021-11-17 16:21:00,6,53044,ORACLE.EXE (W001),0.008
6,2021-11-17 16:21:00,61,55832,ORACLE.EXE (RECO),0.005
7,2021-11-17 16:21:00,246,16610,ORACLE.EXE (W005),0.005
8,2021-11-17 16:21:00,65,36248,ORACLE.EXE (W003),0.004
9,2021-11-17 16:21:00,245,59363,ORACLE.EXE (W000),0.004
10,2021-11-17 16:21:00,359,10267,JDBC Thin Client,0.004
1,2021-11-17 16:22:00,298,16664,ORACLE.EXE (MMNL),0.879
2,2021-11-17 16:22:00,239,26971,ORACLE.EXE (MMON),0.474
3,2021-11-17 16:22:00,357,36240,ORACLE.EXE (CJQ0),0.458
4,2021-11-17 16:22:00,415,25131,ORACLE.EXE (SMON),0.012
5,2021-11-17 16:22:00,6,53044,ORACLE.EXE (W001),0.008
6,2021-11-17 16:22:00,61,55832,ORACLE.EXE (RECO),0.005
7,2021-11-17 16:22:00,246,16610,ORACLE.EXE (W005),0.005
8,2021-11-17 16:22:00,65,36248,ORACLE.EXE (W003),0.004
9,2021-11-17 16:22:00,245,59363,ORACLE.EXE (W000),0.004
10,2021-11-17 16:22:00,359,10267,JDBC Thin Client,0.004
1,2021-11-17 16:23:00,298,16664,ORACLE.EXE (MMNL),0.879
2,2021-11-17 16:23:00,239,26971,ORACLE.EXE (MMON),0.475
3,2021-11-17 16:23:00,357,36240,ORACLE.EXE (CJQ0),0.458
4,2021-11-17 16:23:00,415,25131,ORACLE.EXE (SMON),0.012
5,2021-11-17 16:23:00,6,53044,ORACLE.EXE (W001),0.008
6,2021-11-17 16:23:00,61,55832,ORACLE.EXE (RECO),0.005
7,2021-11-17 16:23:00,359,10267,JDBC Thin Client,0.005
8,2021-11-17 16:23:00,246,16610,ORACLE.EXE (W005),0.005
9,2021-11-17 16:23:00,65,36248,ORACLE.EXE (W003),0.004
10,2021-11-17 16:23:00,245,59363,ORACLE.EXE (W000),0.004
1,2021-11-17 16:24:00,298,16664,ORACLE.EXE (MMNL),0.879
2,2021-11-17 16:24:00,239,26971,ORACLE.EXE (MMON),0.475
3,2021-11-17 16:24:00,357,36240,ORACLE.EXE (CJQ0),0.458
4,2021-11-17 16:24:00,415,25131,ORACLE.EXE (SMON),0.012
5,2021-11-17 16:24:00,6,53044,ORACLE.EXE (W001),0.008
6,2021-11-17 16:24:00,61,55832,ORACLE.EXE (RECO),0.005
7,2021-11-17 16:24:00,359,10267,JDBC Thin Client,0.005
8,2021-11-17 16:24:00,246,16610,ORACLE.EXE (W005),0.005
9,2021-11-17 16:24:00,65,36248,ORACLE.EXE (W003),0.004
10,2021-11-17 16:24:00,245,59363,ORACLE.EXE (W000),0.004
1,2021-11-17 16:25:00,298,16664,ORACLE.EXE (MMNL),0.883
2,2021-11-17 16:25:00,239,26971,ORACLE.EXE (MMON),0.475
3,2021-11-17 16:25:00,357,36240,ORACLE.EXE (CJQ0),0.459
4,2021-11-17 16:25:00,415,25131,ORACLE.EXE (SMON),0.012
5,2021-11-17 16:25:00,6,53044,ORACLE.EXE (W001),0.008
6,2021-11-17 16:25:00,359,10267,JDBC Thin Client,0.005
7,2021-11-17 16:25:00,61,55832,ORACLE.EXE (RECO),0.005
8,2021-11-17 16:25:00,246,16610,ORACLE.EXE (W005),0.005
9,2021-11-17 16:25:00,65,36248,ORACLE.EXE (W003),0.004
10,2021-11-17 16:25:00,245,59363,ORACLE.EXE (W000),0.004
1,2021-11-17 16:26:00,298,16664,ORACLE.EXE (MMNL),0.883
2,2021-11-17 16:26:00,239,26971,ORACLE.EXE (MMON),0.475
3,2021-11-17 16:26:00,357,36240,ORACLE.EXE (CJQ0),0.459
4,2021-11-17 16:26:00,415,25131,ORACLE.EXE (SMON),0.012
5,2021-11-17 16:26:00,6,53044,ORACLE.EXE (W001),0.008
6,2021-11-17 16:26:00,359,10267,JDBC Thin Client,0.005
7,2021-11-17 16:26:00,61,55832,ORACLE.EXE (RECO),0.005
8,2021-11-17 16:26:00,246,16610,ORACLE.EXE (W005),0.005
9,2021-11-17 16:26:00,65,36248,ORACLE.EXE (W003),0.004
10,2021-11-17 16:26:00,245,59363,ORACLE.EXE (W000),0.004
1,2021-11-17 16:27:00,298,16664,ORACLE.EXE (MMNL),0.883
2,2021-11-17 16:27:00,239,26971,ORACLE.EXE (MMON),0.475
3,2021-11-17 16:27:00,357,36240,ORACLE.EXE (CJQ0),0.459
4,2021-11-17 16:27:00,415,25131,ORACLE.EXE (SMON),0.012
5,2021-11-17 16:27:00,6,53044,ORACLE.EXE (W001),0.008
6,2021-11-17 16:27:00,359,10267,JDBC Thin Client,0.005
7,2021-11-17 16:27:00,61,55832,ORACLE.EXE (RECO),0.005
8,2021-11-17 16:27:00,246,16610,ORACLE.EXE (W005),0.005
9,2021-11-17 16:27:00,65,36248,ORACLE.EXE (W003),0.004
10,2021-11-17 16:27:00,245,59363,ORACLE.EXE (W000),0.004
1,2021-11-17 16:28:00,298,16664,ORACLE.EXE (MMNL),0.883
2,2021-11-17 16:28:00,239,26971,ORACLE.EXE (MMON),0.475
3,2021-11-17 16:28:00,357,36240,ORACLE.EXE (CJQ0),0.459
4,2021-11-17 16:28:00,415,25131,ORACLE.EXE (SMON),0.012
5,2021-11-17 16:28:00,6,53044,ORACLE.EXE (W001),0.008
6,2021-11-17 16:28:00,359,10267,JDBC Thin Client,0.005
7,2021-11-17 16:28:00,61,55832,ORACLE.EXE (RECO),0.005
8,2021-11-17 16:28:00,246,16610,ORACLE.EXE (W005),0.005
9,2021-11-17 16:28:00,65,36248,ORACLE.EXE (W003),0.004
10,2021-11-17 16:28:00,245,59363,ORACLE.EXE (W000),0.004
1,2021-11-17 16:29:00,298,16664,ORACLE.EXE (MMNL),0.883
2,2021-11-17 16:29:00,239,26971,ORACLE.EXE (MMON),0.475
3,2021-11-17 16:29:00,357,36240,ORACLE.EXE (CJQ0),0.46
4,2021-11-17 16:29:00,415,25131,ORACLE.EXE (SMON),0.012
5,2021-11-17 16:29:00,6,53044,ORACLE.EXE (W001),0.008
6,2021-11-17 16:29:00,359,10267,JDBC Thin Client,0.006
7,2021-11-17 16:29:00,61,55832,ORACLE.EXE (RECO),0.005
8,2021-11-17 16:29:00,245,59363,ORACLE.EXE (W000),0.005
9,2021-11-17 16:29:00,246,16610,ORACLE.EXE (W005),0.005
10,2021-11-17 16:29:00,65,36248,ORACLE.EXE (W003),0.004
1,2021-11-17 16:30:00,298,16664,ORACLE.EXE (MMNL),0.888
2,2021-11-17 16:30:00,239,26971,ORACLE.EXE (MMON),0.475
3,2021-11-17 16:30:00,357,36240,ORACLE.EXE (CJQ0),0.46
4,2021-11-17 16:30:00,415,25131,ORACLE.EXE (SMON),0.012
5,2021-11-17 16:30:00,6,53044,ORACLE.EXE (W001),0.008
6,2021-11-17 16:30:00,359,10267,JDBC Thin Client,0.006
7,2021-11-17 16:30:00,61,55832,ORACLE.EXE (RECO),0.005
8,2021-11-17 16:30:00,245,59363,ORACLE.EXE (W000),0.005
9,2021-11-17 16:30:00,246,16610,ORACLE.EXE (W005),0.005
10,2021-11-17 16:30:00,65,36248,ORACLE.EXE (W003),0.004
1,2021-11-17 16:31:00,298,16664,ORACLE.EXE (MMNL),0.888
2,2021-11-17 16:31:00,239,26971,ORACLE.EXE (MMON),0.475
3,2021-11-17 16:31:00,357,36240,ORACLE.EXE (CJQ0),0.464
4,2021-11-17 16:31:00,415,25131,ORACLE.EXE (SMON),0.012
5,2021-11-17 16:31:00,6,53044,ORACLE.EXE (W001),0.008
6,2021-11-17 16:31:00,359,10267,JDBC Thin Client,0.006
7,2021-11-17 16:31:00,61,55832,ORACLE.EXE (RECO),0.005
8,2021-11-17 16:31:00,245,59363,ORACLE.EXE (W000),0.005
9,2021-11-17 16:31:00,246,16610,ORACLE.EXE (W005),0.005
10,2021-11-17 16:31:00,65,36248,ORACLE.EXE (W003),0.004
1,2021-11-17 16:32:00,298,16664,ORACLE.EXE (MMNL),0.888
2,2021-11-17 16:32:00,239,26971,ORACLE.EXE (MMON),0.475
3,2021-11-17 16:32:00,357,36240,ORACLE.EXE (CJQ0),0.464
4,2021-11-17 16:32:00,415,25131,ORACLE.EXE (SMON),0.012
5,2021-11-17 16:32:00,6,53044,ORACLE.EXE (W001),0.008
6,2021-11-17 16:32:00,359,10267,JDBC Thin Client,0.006
7,2021-11-17 16:32:00,61,55832,ORACLE.EXE (RECO),0.005
8,2021-11-17 16:32:00,245,59363,ORACLE.EXE (W000),0.005
9,2021-11-17 16:32:00,246,16610,ORACLE.EXE (W005),0.005
10,2021-11-17 16:32:00,65,36248,ORACLE.EXE (W003),0.004
1,2021-11-17 16:33:00,298,16664,ORACLE.EXE (MMNL),0.888
2,2021-11-17 16:33:00,239,26971,ORACLE.EXE (MMON),0.476
3,2021-11-17 16:33:00,357,36240,ORACLE.EXE (CJQ0),0.464
4,2021-11-17 16:33:00,415,25131,ORACLE.EXE (SMON),0.012
5,2021-11-17 16:33:00,6,53044,ORACLE.EXE (W001),0.008
6,2021-11-17 16:33:00,359,10267,JDBC Thin Client,0.007
7,2021-11-17 16:33:00,61,55832,ORACLE.EXE (RECO),0.005
8,2021-11-17 16:33:00,245,59363,ORACLE.EXE (W000),0.005
9,2021-11-17 16:33:00,246,16610,ORACLE.EXE (W005),0.005
10,2021-11-17 16:33:00,65,36248,ORACLE.EXE (W003),0.004
1,2021-11-17 16:34:00,298,16664,ORACLE.EXE (MMNL),0.888
2,2021-11-17 16:34:00,239,26971,ORACLE.EXE (MMON),0.476
3,2021-11-17 16:34:00,357,36240,ORACLE.EXE (CJQ0),0.465
4,2021-11-17 16:34:00,415,25131,ORACLE.EXE (SMON),0.012
5,2021-11-17 16:34:00,6,53044,ORACLE.EXE (W001),0.008
6,2021-11-17 16:34:00,359,10267,JDBC Thin Client,0.007
7,2021-11-17 16:34:00,61,55832,ORACLE.EXE (RECO),0.005
8,2021-11-17 16:34:00,245,59363,ORACLE.EXE (W000),0.005
9,2021-11-17 16:34:00,246,16610,ORACLE.EXE (W005),0.005
10,2021-11-17 16:34:00,65,36248,ORACLE.EXE (W003),0.004
1,2021-11-17 16:35:00,298,16664,ORACLE.EXE (MMNL),0.893
2,2021-11-17 16:35:00,239,26971,ORACLE.EXE (MMON),0.476
3,2021-11-17 16:35:00,357,36240,ORACLE.EXE (CJQ0),0.465
4,2021-11-17 16:35:00,415,25131,ORACLE.EXE (SMON),0.012
5,2021-11-17 16:35:00,6,53044,ORACLE.EXE (W001),0.008
6,2021-11-17 16:35:00,359,10267,JDBC Thin Client,0.007
7,2021-11-17 16:35:00,61,55832,ORACLE.EXE (RECO),0.005
8,2021-11-17 16:35:00,245,59363,ORACLE.EXE (W000),0.005
9,2021-11-17 16:35:00,246,16610,ORACLE.EXE (W005),0.005
10,2021-11-17 16:35:00,65,36248,ORACLE.EXE (W003),0.004
1,2021-11-17 16:36:00,298,16664,ORACLE.EXE (MMNL),0.893
2,2021-11-17 16:36:00,239,26971,ORACLE.EXE (MMON),0.476
3,2021-11-17 16:36:00,357,36240,ORACLE.EXE (CJQ0),0.465
4,2021-11-17 16:36:00,415,25131,ORACLE.EXE (SMON),0.012
5,2021-11-17 16:36:00,6,53044,ORACLE.EXE (W001),0.008
6,2021-11-17 16:36:00,359,10267,JDBC Thin Client,0.007
7,2021-11-17 16:36:00,61,55832,ORACLE.EXE (RECO),0.005
8,2021-11-17 16:36:00,245,59363,ORACLE.EXE (W000),0.005
9,2021-11-17 16:36:00,246,16610,ORACLE.EXE (W005),0.005
10,2021-11-17 16:36:00,65,36248,ORACLE.EXE (W003),0.004
1,2021-11-17 16:37:00,298,16664,ORACLE.EXE (MMNL),0.893
2,2021-11-17 16:37:00,239,26971,ORACLE.EXE (MMON),0.477
3,2021-11-17 16:37:00,357,36240,ORACLE.EXE (CJQ0),0.465
4,2021-11-17 16:37:00,415,25131,ORACLE.EXE (SMON),0.012
5,2021-11-17 16:37:00,6,53044,ORACLE.EXE (W001),0.008
6,2021-11-17 16:37:00,359,10267,JDBC Thin Client,0.007
7,2021-11-17 16:37:00,61,55832,ORACLE.EXE (RECO),0.005
8,2021-11-17 16:37:00,245,59363,ORACLE.EXE (W000),0.005
9,2021-11-17 16:37:00,246,16610,ORACLE.EXE (W005),0.005
10,2021-11-17 16:37:00,65,36248,ORACLE.EXE (W003),0.004
1,2021-11-17 16:38:00,298,16664,ORACLE.EXE (MMNL),0.893
2,2021-11-17 16:38:00,239,26971,ORACLE.EXE (MMON),0.477
3,2021-11-17 16:38:00,357,36240,ORACLE.EXE (CJQ0),0.465
4,2021-11-17 16:38:00,415,25131,ORACLE.EXE (SMON),0.012
5,2021-11-17 16:38:00,359,10267,JDBC Thin Client,0.008
6,2021-11-17 16:38:00,6,53044,ORACLE.EXE (W001),0.008
7,2021-11-17 16:38:00,61,55832,ORACLE.EXE (RECO),0.005
8,2021-11-17 16:38:00,245,59363,ORACLE.EXE (W000),0.005
9,2021-11-17 16:38:00,246,16610,ORACLE.EXE (W005),0.005
10,2021-11-17 16:38:00,65,36248,ORACLE.EXE (W003),0.004
1,2021-11-17 16:39:00,298,16664,ORACLE.EXE (MMNL),0.893
2,2021-11-17 16:39:00,239,26971,ORACLE.EXE (MMON),0.477
3,2021-11-17 16:39:00,357,36240,ORACLE.EXE (CJQ0),0.465
4,2021-11-17 16:39:00,415,25131,ORACLE.EXE (SMON),0.012
5,2021-11-17 16:39:00,359,10267,JDBC Thin Client,0.008
6,2021-11-17 16:39:00,6,53044,ORACLE.EXE (W001),0.008
7,2021-11-17 16:39:00,61,55832,ORACLE.EXE (RECO),0.005
8,2021-11-17 16:39:00,245,59363,ORACLE.EXE (W000),0.005
9,2021-11-17 16:39:00,246,16610,ORACLE.EXE (W005),0.005
10,2021-11-17 16:39:00,65,36248,ORACLE.EXE (W003),0.004
1,2021-11-17 16:40:00,298,16664,ORACLE.EXE (MMNL),0.898
2,2021-11-17 16:40:00,239,26971,ORACLE.EXE (MMON),0.477
3,2021-11-17 16:40:00,357,36240,ORACLE.EXE (CJQ0),0.466
4,2021-11-17 16:40:00,415,25131,ORACLE.EXE (SMON),0.012
5,2021-11-17 16:40:00,359,10267,JDBC Thin Client,0.009
6,2021-11-17 16:40:00,6,53044,ORACLE.EXE (W001),0.008
7,2021-11-17 16:40:00,61,55832,ORACLE.EXE (RECO),0.005
8,2021-11-17 16:40:00,245,59363,ORACLE.EXE (W000),0.005
9,2021-11-17 16:40:00,246,16610,ORACLE.EXE (W005),0.005
10,2021-11-17 16:40:00,65,36248,ORACLE.EXE (W003),0.004
1,2021-11-17 16:41:00,298,16664,ORACLE.EXE (MMNL),0.898
2,2021-11-17 16:41:00,239,26971,ORACLE.EXE (MMON),0.477
3,2021-11-17 16:41:00,357,36240,ORACLE.EXE (CJQ0),0.467
4,2021-11-17 16:41:00,415,25131,ORACLE.EXE (SMON),0.012
5,2021-11-17 16:41:00,359,10267,JDBC Thin Client,0.009
6,2021-11-17 16:41:00,6,53044,ORACLE.EXE (W001),0.008
7,2021-11-17 16:41:00,61,55832,ORACLE.EXE (RECO),0.005
8,2021-11-17 16:41:00,245,59363,ORACLE.EXE (W000),0.005
9,2021-11-17 16:41:00,246,16610,ORACLE.EXE (W005),0.005
10,2021-11-17 16:41:00,65,36248,ORACLE.EXE (W003),0.004
1,2021-11-17 16:42:00,298,16664,ORACLE.EXE (MMNL),0.898
2,2021-11-17 16:42:00,239,26971,ORACLE.EXE (MMON),0.478
3,2021-11-17 16:42:00,357,36240,ORACLE.EXE (CJQ0),0.47
4,2021-11-17 16:42:00,415,25131,ORACLE.EXE (SMON),0.012
5,2021-11-17 16:42:00,359,10267,JDBC Thin Client,0.01
6,2021-11-17 16:42:00,6,53044,ORACLE.EXE (W001),0.008
7,2021-11-17 16:42:00,61,55832,ORACLE.EXE (RECO),0.005
8,2021-11-17 16:42:00,245,59363,ORACLE.EXE (W000),0.005
9,2021-11-17 16:42:00,246,16610,ORACLE.EXE (W005),0.005
10,2021-11-17 16:42:00,65,36248,ORACLE.EXE (W003),0.004
1,2021-11-17 16:43:00,298,16664,ORACLE.EXE (MMNL),0.898
2,2021-11-17 16:43:00,239,26971,ORACLE.EXE (MMON),0.478
3,2021-11-17 16:43:00,357,36240,ORACLE.EXE (CJQ0),0.47
4,2021-11-17 16:43:00,415,25131,ORACLE.EXE (SMON),0.012
5,2021-11-17 16:43:00,359,10267,JDBC Thin Client,0.01
6,2021-11-17 16:43:00,6,53044,ORACLE.EXE (W001),0.008
7,2021-11-17 16:43:00,61,55832,ORACLE.EXE (RECO),0.005
8,2021-11-17 16:43:00,245,59363,ORACLE.EXE (W000),0.005
9,2021-11-17 16:43:00,246,16610,ORACLE.EXE (W005),0.005
10,2021-11-17 16:43:00,65,36248,ORACLE.EXE (W003),0.004
1,2021-11-17 16:44:00,298,16664,ORACLE.EXE (MMNL),0.898
2,2021-11-17 16:44:00,239,26971,ORACLE.EXE (MMON),0.478
3,2021-11-17 16:44:00,357,36240,ORACLE.EXE (CJQ0),0.472
4,2021-11-17 16:44:00,415,25131,ORACLE.EXE (SMON),0.012
5,2021-11-17 16:44:00,359,10267,JDBC Thin Client,0.01
6,2021-11-17 16:44:00,6,53044,ORACLE.EXE (W001),0.008
7,2021-11-17 16:44:00,61,55832,ORACLE.EXE (RECO),0.005
8,2021-11-17 16:44:00,245,59363,ORACLE.EXE (W000),0.005
9,2021-11-17 16:44:00,246,16610,ORACLE.EXE (W005),0.005
10,2021-11-17 16:44:00,65,36248,ORACLE.EXE (W003),0.004
1,2021-11-17 16:45:00,298,16664,ORACLE.EXE (MMNL),0.908
2,2021-11-17 16:45:00,239,26971,ORACLE.EXE (MMON),0.478
3,2021-11-17 16:45:00,357,36240,ORACLE.EXE (CJQ0),0.473
4,2021-11-17 16:45:00,415,25131,ORACLE.EXE (SMON),0.013
5,2021-11-17 16:45:00,359,10267,JDBC Thin Client,0.011
6,2021-11-17 16:45:00,6,53044,ORACLE.EXE (W001),0.008
7,2021-11-17 16:45:00,61,55832,ORACLE.EXE (RECO),0.005
8,2021-11-17 16:45:00,245,59363,ORACLE.EXE (W000),0.005
9,2021-11-17 16:45:00,246,16610,ORACLE.EXE (W005),0.005
10,2021-11-17 16:45:00,65,36248,ORACLE.EXE (W003),0.004
1,2021-11-17 16:46:00,298,16664,ORACLE.EXE (MMNL),0.908
2,2021-11-17 16:46:00,239,26971,ORACLE.EXE (MMON),0.479
3,2021-11-17 16:46:00,357,36240,ORACLE.EXE (CJQ0),0.473
4,2021-11-17 16:46:00,415,25131,ORACLE.EXE (SMON),0.013
5,2021-11-17 16:46:00,359,10267,JDBC Thin Client,0.011
6,2021-11-17 16:46:00,6,53044,ORACLE.EXE (W001),0.008
7,2021-11-17 16:46:00,61,55832,ORACLE.EXE (RECO),0.005
8,2021-11-17 16:46:00,245,59363,ORACLE.EXE (W000),0.005
9,2021-11-17 16:46:00,246,16610,ORACLE.EXE (W005),0.005
10,2021-11-17 16:46:00,65,36248,ORACLE.EXE (W003),0.004
1,2021-11-17 16:47:00,298,16664,ORACLE.EXE (MMNL),0.908
2,2021-11-17 16:47:00,239,26971,ORACLE.EXE (MMON),0.479
3,2021-11-17 16:47:00,357,36240,ORACLE.EXE (CJQ0),0.474
4,2021-11-17 16:47:00,415,25131,ORACLE.EXE (SMON),0.013
5,2021-11-17 16:47:00,359,10267,JDBC Thin Client,0.011
6,2021-11-17 16:47:00,6,53044,ORACLE.EXE (W001),0.008
7,2021-11-17 16:47:00,61,55832,ORACLE.EXE (RECO),0.005
8,2021-11-17 16:47:00,245,59363,ORACLE.EXE (W000),0.005
9,2021-11-17 16:47:00,246,16610,ORACLE.EXE (W005),0.005
10,2021-11-17 16:47:00,65,36248,ORACLE.EXE (W003),0.004
1,2021-11-17 16:48:00,298,16664,ORACLE.EXE (MMNL),0.908
2,2021-11-17 16:48:00,239,26971,ORACLE.EXE (MMON),0.479
3,2021-11-17 16:48:00,357,36240,ORACLE.EXE (CJQ0),0.474
4,2021-11-17 16:48:00,415,25131,ORACLE.EXE (SMON),0.013
5,2021-11-17 16:48:00,359,10267,JDBC Thin Client,0.011
6,2021-11-17 16:48:00,6,53044,ORACLE.EXE (W001),0.008
7,2021-11-17 16:48:00,61,55832,ORACLE.EXE (RECO),0.005
8,2021-11-17 16:48:00,245,59363,ORACLE.EXE (W000),0.005
9,2021-11-17 16:48:00,246,16610,ORACLE.EXE (W005),0.005
10,2021-11-17 16:48:00,65,36248,ORACLE.EXE (W003),0.004
1,2021-11-17 16:49:00,298,16664,ORACLE.EXE (MMNL),0.908
2,2021-11-17 16:49:00,239,26971,ORACLE.EXE (MMON),0.479
3,2021-11-17 16:49:00,357,36240,ORACLE.EXE (CJQ0),0.474
4,2021-11-17 16:49:00,415,25131,ORACLE.EXE (SMON),0.013
5,2021-11-17 16:49:00,359,10267,JDBC Thin Client,0.011
6,2021-11-17 16:49:00,6,53044,ORACLE.EXE (W001),0.008
7,2021-11-17 16:49:00,61,55832,ORACLE.EXE (RECO),0.005
8,2021-11-17 16:49:00,245,59363,ORACLE.EXE (W000),0.005
9,2021-11-17 16:49:00,246,16610,ORACLE.EXE (W005),0.005
10,2021-11-17 16:49:00,65,36248,ORACLE.EXE (W003),0.004
1,2021-11-17 16:50:00,298,16664,ORACLE.EXE (MMNL),0.917
2,2021-11-17 16:50:00,239,26971,ORACLE.EXE (MMON),0.479
3,2021-11-17 16:50:00,357,36240,ORACLE.EXE (CJQ0),0.475
4,2021-11-17 16:50:00,415,25131,ORACLE.EXE (SMON),0.013
5,2021-11-17 16:50:00,359,10267,JDBC Thin Client,0.012
6,2021-11-17 16:50:00,6,53044,ORACLE.EXE (W001),0.008
7,2021-11-17 16:50:00,61,55832,ORACLE.EXE (RECO),0.005
8,2021-11-17 16:50:00,245,59363,ORACLE.EXE (W000),0.005
9,2021-11-17 16:50:00,246,16610,ORACLE.EXE (W005),0.005
10,2021-11-17 16:50:00,65,36248,ORACLE.EXE (W003),0.004
1,2021-11-17 16:51:00,298,16664,ORACLE.EXE (MMNL),0.917
2,2021-11-17 16:51:00,239,26971,ORACLE.EXE (MMON),0.479
3,2021-11-17 16:51:00,357,36240,ORACLE.EXE (CJQ0),0.475
4,2021-11-17 16:51:00,415,25131,ORACLE.EXE (SMON),0.013
5,2021-11-17 16:51:00,359,10267,JDBC Thin Client,0.012
6,2021-11-17 16:51:00,6,53044,ORACLE.EXE (W001),0.008
7,2021-11-17 16:51:00,61,55832,ORACLE.EXE (RECO),0.005
8,2021-11-17 16:51:00,245,59363,ORACLE.EXE (W000),0.005
9,2021-11-17 16:51:00,246,16610,ORACLE.EXE (W005),0.005
10,2021-11-17 16:51:00,65,36248,ORACLE.EXE (W003),0.004
1,2021-11-17 16:52:00,298,16664,ORACLE.EXE (MMNL),0.917
2,2021-11-17 16:52:00,239,26971,ORACLE.EXE (MMON),0.479
3,2021-11-17 16:52:00,357,36240,ORACLE.EXE (CJQ0),0.476
4,2021-11-17 16:52:00,415,25131,ORACLE.EXE (SMON),0.013
5,2021-11-17 16:52:00,359,10267,JDBC Thin Client,0.012
6,2021-11-17 16:52:00,6,53044,ORACLE.EXE (W001),0.008
7,2021-11-17 16:52:00,61,55832,ORACLE.EXE (RECO),0.005
8,2021-11-17 16:52:00,245,59363,ORACLE.EXE (W000),0.005
9,2021-11-17 16:52:00,246,16610,ORACLE.EXE (W005),0.005
10,2021-11-17 16:52:00,65,36248,ORACLE.EXE (W003),0.004
1,2021-11-17 16:53:00,298,16664,ORACLE.EXE (MMNL),0.917
2,2021-11-17 16:53:00,239,26971,ORACLE.EXE (MMON),0.48
3,2021-11-17 16:53:00,357,36240,ORACLE.EXE (CJQ0),0.476
4,2021-11-17 16:53:00,415,25131,ORACLE.EXE (SMON),0.013
5,2021-11-17 16:53:00,359,10267,JDBC Thin Client,0.012
6,2021-11-17 16:53:00,6,53044,ORACLE.EXE (W001),0.008
7,2021-11-17 16:53:00,61,55832,ORACLE.EXE (RECO),0.005
8,2021-11-17 16:53:00,245,59363,ORACLE.EXE (W000),0.005
9,2021-11-17 16:53:00,246,16610,ORACLE.EXE (W005),0.005
10,2021-11-17 16:53:00,65,36248,ORACLE.EXE (W003),0.004
1,2021-11-17 16:54:00,298,16664,ORACLE.EXE (MMNL),0.917
2,2021-11-17 16:54:00,357,36240,ORACLE.EXE (CJQ0),0.481
3,2021-11-17 16:54:00,239,26971,ORACLE.EXE (MMON),0.48
4,2021-11-17 16:54:00,359,10267,JDBC Thin Client,0.013
5,2021-11-17 16:54:00,415,25131,ORACLE.EXE (SMON),0.013
6,2021-11-17 16:54:00,6,53044,ORACLE.EXE (W001),0.008
7,2021-11-17 16:54:00,61,55832,ORACLE.EXE (RECO),0.005
8,2021-11-17 16:54:00,245,59363,ORACLE.EXE (W000),0.005
9,2021-11-17 16:54:00,246,16610,ORACLE.EXE (W005),0.005
10,2021-11-17 16:54:00,65,36248,ORACLE.EXE (W003),0.004
1,2021-11-17 16:55:00,298,16664,ORACLE.EXE (MMNL),0.926
2,2021-11-17 16:55:00,357,36240,ORACLE.EXE (CJQ0),0.481
3,2021-11-17 16:55:00,239,26971,ORACLE.EXE (MMON),0.48
4,2021-11-17 16:55:00,359,10267,JDBC Thin Client,0.013
5,2021-11-17 16:55:00,415,25131,ORACLE.EXE (SMON),0.013
6,2021-11-17 16:55:00,6,53044,ORACLE.EXE (W001),0.008
7,2021-11-17 16:55:00,61,55832,ORACLE.EXE (RECO),0.005
8,2021-11-17 16:55:00,245,59363,ORACLE.EXE (W000),0.005
9,2021-11-17 16:55:00,246,16610,ORACLE.EXE (W005),0.005
10,2021-11-17 16:55:00,65,36248,ORACLE.EXE (W003),0.004
1,2021-11-17 16:56:00,298,16664,ORACLE.EXE (MMNL),0.926
2,2021-11-17 16:56:00,357,36240,ORACLE.EXE (CJQ0),0.481
3,2021-11-17 16:56:00,239,26971,ORACLE.EXE (MMON),0.48
4,2021-11-17 16:56:00,359,10267,JDBC Thin Client,0.013
5,2021-11-17 16:56:00,415,25131,ORACLE.EXE (SMON),0.013
6,2021-11-17 16:56:00,6,53044,ORACLE.EXE (W001),0.008
7,2021-11-17 16:56:00,61,55832,ORACLE.EXE (RECO),0.005
8,2021-11-17 16:56:00,245,59363,ORACLE.EXE (W000),0.005
9,2021-11-17 16:56:00,246,16610,ORACLE.EXE (W005),0.005
10,2021-11-17 16:56:00,65,36248,ORACLE.EXE (W003),0.004
1,2021-11-17 16:57:00,298,16664,ORACLE.EXE (MMNL),0.926
2,2021-11-17 16:57:00,357,36240,ORACLE.EXE (CJQ0),0.481
3,2021-11-17 16:57:00,239,26971,ORACLE.EXE (MMON),0.48
4,2021-11-17 16:57:00,359,10267,JDBC Thin Client,0.013
5,2021-11-17 16:57:00,415,25131,ORACLE.EXE (SMON),0.013
6,2021-11-17 16:57:00,6,53044,ORACLE.EXE (W001),0.008
7,2021-11-17 16:57:00,61,55832,ORACLE.EXE (RECO),0.005
8,2021-11-17 16:57:00,245,59363,ORACLE.EXE (W000),0.005
9,2021-11-17 16:57:00,246,16610,ORACLE.EXE (W005),0.005
10,2021-11-17 16:57:00,65,36248,ORACLE.EXE (W003),0.004
1,2021-11-17 16:58:00,298,16664,ORACLE.EXE (MMNL),0.926
2,2021-11-17 16:58:00,239,26971,ORACLE.EXE (MMON),0.481
3,2021-11-17 16:58:00,357,36240,ORACLE.EXE (CJQ0),0.481
4,2021-11-17 16:58:00,359,10267,JDBC Thin Client,0.013
5,2021-11-17 16:58:00,415,25131,ORACLE.EXE (SMON),0.013
6,2021-11-17 16:58:00,6,53044,ORACLE.EXE (W001),0.008
7,2021-11-17 16:58:00,61,55832,ORACLE.EXE (RECO),0.005
8,2021-11-17 16:58:00,245,59363,ORACLE.EXE (W000),0.005
9,2021-11-17 16:58:00,246,16610,ORACLE.EXE (W005),0.005
10,2021-11-17 16:58:00,65,36248,ORACLE.EXE (W003),0.004
1,2021-11-17 16:59:00,298,16664,ORACLE.EXE (MMNL),0.926
2,2021-11-17 16:59:00,239,26971,ORACLE.EXE (MMON),0.481
3,2021-11-17 16:59:00,357,36240,ORACLE.EXE (CJQ0),0.481
4,2021-11-17 16:59:00,359,10267,JDBC Thin Client,0.014
5,2021-11-17 16:59:00,415,25131,ORACLE.EXE (SMON),0.013
6,2021-11-17 16:59:00,6,53044,ORACLE.EXE (W001),0.008
7,2021-11-17 16:59:00,61,55832,ORACLE.EXE (RECO),0.005
8,2021-11-17 16:59:00,245,59363,ORACLE.EXE (W000),0.005
9,2021-11-17 16:59:00,246,16610,ORACLE.EXE (W005),0.005
10,2021-11-17 16:59:00,65,36248,ORACLE.EXE (W003),0.004
1,2021-11-17 17:00:00,298,16664,ORACLE.EXE (MMNL),0.934
2,2021-11-17 17:00:00,357,36240,ORACLE.EXE (CJQ0),0.482
3,2021-11-17 17:00:00,239,26971,ORACLE.EXE (MMON),0.481
4,2021-11-17 17:00:00,359,10267,JDBC Thin Client,0.014
5,2021-11-17 17:00:00,415,25131,ORACLE.EXE (SMON),0.013
6,2021-11-17 17:00:00,6,53044,ORACLE.EXE (W001),0.008
7,2021-11-17 17:00:00,61,55832,ORACLE.EXE (RECO),0.005
8,2021-11-17 17:00:00,245,59363,ORACLE.EXE (W000),0.005
9,2021-11-17 17:00:00,246,16610,ORACLE.EXE (W005),0.005
10,2021-11-17 17:00:00,65,36248,ORACLE.EXE (W003),0.004
1,2021-11-17 17:01:00,298,16664,ORACLE.EXE (MMNL),0.934
2,2021-11-17 17:01:00,357,36240,ORACLE.EXE (CJQ0),0.482
3,2021-11-17 17:01:00,239,26971,ORACLE.EXE (MMON),0.482
4,2021-11-17 17:01:00,359,10267,JDBC Thin Client,0.014
5,2021-11-17 17:01:00,415,25131,ORACLE.EXE (SMON),0.013
6,2021-11-17 17:01:00,6,53044,ORACLE.EXE (W001),0.008
7,2021-11-17 17:01:00,61,55832,ORACLE.EXE (RECO),0.005
8,2021-11-17 17:01:00,245,59363,ORACLE.EXE (W000),0.005
9,2021-11-17 17:01:00,246,16610,ORACLE.EXE (W005),0.005
10,2021-11-17 17:01:00,65,36248,ORACLE.EXE (W003),0.004
1,2021-11-17 17:02:00,298,16664,ORACLE.EXE (MMNL),0.934
2,2021-11-17 17:02:00,357,36240,ORACLE.EXE (CJQ0),0.482
3,2021-11-17 17:02:00,239,26971,ORACLE.EXE (MMON),0.482
4,2021-11-17 17:02:00,359,10267,JDBC Thin Client,0.014
5,2021-11-17 17:02:00,415,25131,ORACLE.EXE (SMON),0.013
6,2021-11-17 17:02:00,6,53044,ORACLE.EXE (W001),0.008
7,2021-11-17 17:02:00,61,55832,ORACLE.EXE (RECO),0.005
8,2021-11-17 17:02:00,245,59363,ORACLE.EXE (W000),0.005
9,2021-11-17 17:02:00,246,16610,ORACLE.EXE (W005),0.005
10,2021-11-17 17:02:00,65,36248,ORACLE.EXE (W003),0.004
1,2021-11-17 17:03:00,298,16664,ORACLE.EXE (MMNL),0.934
2,2021-11-17 17:03:00,357,36240,ORACLE.EXE (CJQ0),0.482
3,2021-11-17 17:03:00,239,26971,ORACLE.EXE (MMON),0.482
4,2021-11-17 17:03:00,359,10267,JDBC Thin Client,0.014
5,2021-11-17 17:03:00,415,25131,ORACLE.EXE (SMON),0.013
6,2021-11-17 17:03:00,6,53044,ORACLE.EXE (W001),0.008
7,2021-11-17 17:03:00,61,55832,ORACLE.EXE (RECO),0.005
8,2021-11-17 17:03:00,245,59363,ORACLE.EXE (W000),0.005
9,2021-11-17 17:03:00,246,16610,ORACLE.EXE (W005),0.005
10,2021-11-17 17:03:00,65,36248,ORACLE.EXE (W003),0.004
1,2021-11-17 17:04:00,298,16664,ORACLE.EXE (MMNL),0.934
2,2021-11-17 17:04:00,357,36240,ORACLE.EXE (CJQ0),0.482
3,2021-11-17 17:04:00,239,26971,ORACLE.EXE (MMON),0.482
4,2021-11-17 17:04:00,359,10267,JDBC Thin Client,0.014
5,2021-11-17 17:04:00,415,25131,ORACLE.EXE (SMON),0.013
6,2021-11-17 17:04:00,6,53044,ORACLE.EXE (W001),0.008
7,2021-11-17 17:04:00,61,55832,ORACLE.EXE (RECO),0.005
8,2021-11-17 17:04:00,245,59363,ORACLE.EXE (W000),0.005
9,2021-11-17 17:04:00,246,16610,ORACLE.EXE (W005),0.005
10,2021-11-17 17:04:00,65,36248,ORACLE.EXE (W003),0.004
1,2021-11-17 17:05:00,298,16664,ORACLE.EXE (MMNL),0.944
2,2021-11-17 17:05:00,357,36240,ORACLE.EXE (CJQ0),0.485
3,2021-11-17 17:05:00,239,26971,ORACLE.EXE (MMON),0.482
4,2021-11-17 17:05:00,359,10267,JDBC Thin Client,0.015
5,2021-11-17 17:05:00,415,25131,ORACLE.EXE (SMON),0.013
6,2021-11-17 17:05:00,6,53044,ORACLE.EXE (W001),0.008
7,2021-11-17 17:05:00,61,55832,ORACLE.EXE (RECO),0.005
8,2021-11-17 17:05:00,245,59363,ORACLE.EXE (W000),0.005
9,2021-11-17 17:05:00,246,16610,ORACLE.EXE (W005),0.005
10,2021-11-17 17:05:00,65,36248,ORACLE.EXE (W003),0.004
1,2021-11-17 17:06:00,298,16664,ORACLE.EXE (MMNL),0.944
2,2021-11-17 17:06:00,357,36240,ORACLE.EXE (CJQ0),0.485
3,2021-11-17 17:06:00,239,26971,ORACLE.EXE (MMON),0.483
4,2021-11-17 17:06:00,359,10267,JDBC Thin Client,0.015
5,2021-11-17 17:06:00,415,25131,ORACLE.EXE (SMON),0.013
6,2021-11-17 17:06:00,6,53044,ORACLE.EXE (W001),0.008
7,2021-11-17 17:06:00,61,55832,ORACLE.EXE (RECO),0.005
8,2021-11-17 17:06:00,245,59363,ORACLE.EXE (W000),0.005
9,2021-11-17 17:06:00,246,16610,ORACLE.EXE (W005),0.005
10,2021-11-17 17:06:00,65,36248,ORACLE.EXE (W003),0.004
1,2021-11-17 17:07:00,298,16664,ORACLE.EXE (MMNL),0.944
2,2021-11-17 17:07:00,357,36240,ORACLE.EXE (CJQ0),0.486
3,2021-11-17 17:07:00,239,26971,ORACLE.EXE (MMON),0.483
4,2021-11-17 17:07:00,359,10267,JDBC Thin Client,0.015
5,2021-11-17 17:07:00,415,25131,ORACLE.EXE (SMON),0.013
6,2021-11-17 17:07:00,6,53044,ORACLE.EXE (W001),0.008
7,2021-11-17 17:07:00,61,55832,ORACLE.EXE (RECO),0.005
8,2021-11-17 17:07:00,245,59363,ORACLE.EXE (W000),0.005
9,2021-11-17 17:07:00,246,16610,ORACLE.EXE (W005),0.005
10,2021-11-17 17:07:00,65,36248,ORACLE.EXE (W003),0.004
1,2021-11-17 17:08:00,298,16664,ORACLE.EXE (MMNL),0.944
2,2021-11-17 17:08:00,357,36240,ORACLE.EXE (CJQ0),0.486
3,2021-11-17 17:08:00,239,26971,ORACLE.EXE (MMON),0.483
4,2021-11-17 17:08:00,359,10267,JDBC Thin Client,0.015
5,2021-11-17 17:08:00,415,25131,ORACLE.EXE (SMON),0.013
6,2021-11-17 17:08:00,6,53044,ORACLE.EXE (W001),0.008
7,2021-11-17 17:08:00,61,55832,ORACLE.EXE (RECO),0.005
8,2021-11-17 17:08:00,245,59363,ORACLE.EXE (W000),0.005
9,2021-11-17 17:08:00,246,16610,ORACLE.EXE (W005),0.005
10,2021-11-17 17:08:00,65,36248,ORACLE.EXE (W003),0.004
1,2021-11-17 17:09:00,298,16664,ORACLE.EXE (MMNL),0.944
2,2021-11-17 17:09:00,357,36240,ORACLE.EXE (CJQ0),0.486
3,2021-11-17 17:09:00,239,26971,ORACLE.EXE (MMON),0.483
4,2021-11-17 17:09:00,359,10267,JDBC Thin Client,0.015
5,2021-11-17 17:09:00,415,25131,ORACLE.EXE (SMON),0.013
6,2021-11-17 17:09:00,6,53044,ORACLE.EXE (W001),0.009
7,2021-11-17 17:09:00,65,36248,ORACLE.EXE (W003),0.006
8,2021-11-17 17:09:00,61,55832,ORACLE.EXE (RECO),0.005
9,2021-11-17 17:09:00,245,59363,ORACLE.EXE (W000),0.005
10,2021-11-17 17:09:00,246,16610,ORACLE.EXE (W005),0.005
1,2021-11-17 17:10:00,298,16664,ORACLE.EXE (MMNL),0.944
2,2021-11-17 17:10:00,357,36240,ORACLE.EXE (CJQ0),0.487
3,2021-11-17 17:10:00,239,26971,ORACLE.EXE (MMON),0.484
4,2021-11-17 17:10:00,359,10267,JDBC Thin Client,0.015
5,2021-11-17 17:10:00,415,25131,ORACLE.EXE (SMON),0.013
6,2021-11-17 17:10:00,6,53044,ORACLE.EXE (W001),0.009
7,2021-11-17 17:10:00,65,36248,ORACLE.EXE (W003),0.006
8,2021-11-17 17:10:00,61,55832,ORACLE.EXE (RECO),0.005
9,2021-11-17 17:10:00,245,59363,ORACLE.EXE (W000),0.005
10,2021-11-17 17:10:00,246,16610,ORACLE.EXE (W005),0.005
1,2021-11-17 17:11:00,298,16664,ORACLE.EXE (MMNL),0.953
2,2021-11-17 17:11:00,357,36240,ORACLE.EXE (CJQ0),0.487
3,2021-11-17 17:11:00,239,26971,ORACLE.EXE (MMON),0.484
4,2021-11-17 17:11:00,359,10267,JDBC Thin Client,0.015
5,2021-11-17 17:11:00,415,25131,ORACLE.EXE (SMON),0.013
6,2021-11-17 17:11:00,6,53044,ORACLE.EXE (W001),0.009
7,2021-11-17 17:11:00,65,36248,ORACLE.EXE (W003),0.006
8,2021-11-17 17:11:00,61,55832,ORACLE.EXE (RECO),0.005
9,2021-11-17 17:11:00,245,59363,ORACLE.EXE (W000),0.005
10,2021-11-17 17:11:00,246,16610,ORACLE.EXE (W005),0.005
1,2021-11-17 17:12:00,298,16664,ORACLE.EXE (MMNL),0.953
2,2021-11-17 17:12:00,357,36240,ORACLE.EXE (CJQ0),0.488
3,2021-11-17 17:12:00,239,26971,ORACLE.EXE (MMON),0.484
4,2021-11-17 17:12:00,359,10267,JDBC Thin Client,0.016
5,2021-11-17 17:12:00,415,25131,ORACLE.EXE (SMON),0.013
6,2021-11-17 17:12:00,6,53044,ORACLE.EXE (W001),0.009
7,2021-11-17 17:12:00,65,36248,ORACLE.EXE (W003),0.006
8,2021-11-17 17:12:00,61,55832,ORACLE.EXE (RECO),0.005
9,2021-11-17 17:12:00,245,59363,ORACLE.EXE (W000),0.005
10,2021-11-17 17:12:00,246,16610,ORACLE.EXE (W005),0.005
1,2021-11-17 17:13:00,298,16664,ORACLE.EXE (MMNL),0.953
2,2021-11-17 17:13:00,357,36240,ORACLE.EXE (CJQ0),0.489
3,2021-11-17 17:13:00,239,26971,ORACLE.EXE (MMON),0.485
4,2021-11-17 17:13:00,359,10267,JDBC Thin Client,0.016
5,2021-11-17 17:13:00,415,25131,ORACLE.EXE (SMON),0.013
6,2021-11-17 17:13:00,6,53044,ORACLE.EXE (W001),0.009
7,2021-11-17 17:13:00,65,36248,ORACLE.EXE (W003),0.006
8,2021-11-17 17:13:00,61,55832,ORACLE.EXE (RECO),0.005
9,2021-11-17 17:13:00,245,59363,ORACLE.EXE (W000),0.005
10,2021-11-17 17:13:00,246,16610,ORACLE.EXE (W005),0.005
1,2021-11-17 17:14:00,298,16664,ORACLE.EXE (MMNL),0.953
2,2021-11-17 17:14:00,357,36240,ORACLE.EXE (CJQ0),0.489
3,2021-11-17 17:14:00,239,26971,ORACLE.EXE (MMON),0.485
4,2021-11-17 17:14:00,359,10267,JDBC Thin Client,0.016
5,2021-11-17 17:14:00,415,25131,ORACLE.EXE (SMON),0.013
6,2021-11-17 17:14:00,6,53044,ORACLE.EXE (W001),0.009
7,2021-11-17 17:14:00,65,36248,ORACLE.EXE (W003),0.006
8,2021-11-17 17:14:00,61,55832,ORACLE.EXE (RECO),0.005
9,2021-11-17 17:14:00,245,59363,ORACLE.EXE (W000),0.005
10,2021-11-17 17:14:00,246,16610,ORACLE.EXE (W005),0.005
1,2021-11-17 17:15:00,298,16664,ORACLE.EXE (MMNL),0.953
2,2021-11-17 17:15:00,357,36240,ORACLE.EXE (CJQ0),0.49
3,2021-11-17 17:15:00,239,26971,ORACLE.EXE (MMON),0.485
4,2021-11-17 17:15:00,359,10267,JDBC Thin Client,0.016
5,2021-11-17 17:15:00,415,25131,ORACLE.EXE (SMON),0.013
6,2021-11-17 17:15:00,6,53044,ORACLE.EXE (W001),0.009
7,2021-11-17 17:15:00,65,36248,ORACLE.EXE (W003),0.006
8,2021-11-17 17:15:00,61,55832,ORACLE.EXE (RECO),0.005
9,2021-11-17 17:15:00,245,59363,ORACLE.EXE (W000),0.005
10,2021-11-17 17:15:00,246,16610,ORACLE.EXE (W005),0.005
1,2021-11-17 17:16:00,298,16664,ORACLE.EXE (MMNL),0.964
2,2021-11-17 17:16:00,357,36240,ORACLE.EXE (CJQ0),0.492
3,2021-11-17 17:16:00,239,26971,ORACLE.EXE (MMON),0.486
4,2021-11-17 17:16:00,359,10267,JDBC Thin Client,0.016
5,2021-11-17 17:16:00,415,25131,ORACLE.EXE (SMON),0.013
6,2021-11-17 17:16:00,6,53044,ORACLE.EXE (W001),0.009
7,2021-11-17 17:16:00,65,36248,ORACLE.EXE (W003),0.006
8,2021-11-17 17:16:00,61,55832,ORACLE.EXE (RECO),0.005
9,2021-11-17 17:16:00,245,59363,ORACLE.EXE (W000),0.005
10,2021-11-17 17:16:00,246,16610,ORACLE.EXE (W005),0.005
1,2021-11-17 17:17:00,298,16664,ORACLE.EXE (MMNL),0.964
2,2021-11-17 17:17:00,357,36240,ORACLE.EXE (CJQ0),0.496
3,2021-11-17 17:17:00,239,26971,ORACLE.EXE (MMON),0.486
4,2021-11-17 17:17:00,359,10267,JDBC Thin Client,0.017
5,2021-11-17 17:17:00,415,25131,ORACLE.EXE (SMON),0.013
6,2021-11-17 17:17:00,6,53044,ORACLE.EXE (W001),0.009
7,2021-11-17 17:17:00,65,36248,ORACLE.EXE (W003),0.006
8,2021-11-17 17:17:00,61,55832,ORACLE.EXE (RECO),0.005
9,2021-11-17 17:17:00,245,59363,ORACLE.EXE (W000),0.005
10,2021-11-17 17:17:00,246,16610,ORACLE.EXE (W005),0.005
1,2021-11-17 17:18:00,298,16664,ORACLE.EXE (MMNL),0.964
2,2021-11-17 17:18:00,357,36240,ORACLE.EXE (CJQ0),0.498
3,2021-11-17 17:18:00,239,26971,ORACLE.EXE (MMON),0.486
4,2021-11-17 17:18:00,359,10267,JDBC Thin Client,0.018
5,2021-11-17 17:18:00,415,25131,ORACLE.EXE (SMON),0.013
6,2021-11-17 17:18:00,6,53044,ORACLE.EXE (W001),0.009
7,2021-11-17 17:18:00,65,36248,ORACLE.EXE (W003),0.006
8,2021-11-17 17:18:00,61,55832,ORACLE.EXE (RECO),0.005
9,2021-11-17 17:18:00,245,59363,ORACLE.EXE (W000),0.005
10,2021-11-17 17:18:00,246,16610,ORACLE.EXE (W005),0.005
1,2021-11-17 17:19:00,298,16664,ORACLE.EXE (MMNL),0.964
2,2021-11-17 17:19:00,357,36240,ORACLE.EXE (CJQ0),0.498
3,2021-11-17 17:19:00,239,26971,ORACLE.EXE (MMON),0.487
4,2021-11-17 17:19:00,359,10267,JDBC Thin Client,0.018
5,2021-11-17 17:19:00,415,25131,ORACLE.EXE (SMON),0.013
6,2021-11-17 17:19:00,6,53044,ORACLE.EXE (W001),0.009
7,2021-11-17 17:19:00,65,36248,ORACLE.EXE (W003),0.006
8,2021-11-17 17:19:00,61,55832,ORACLE.EXE (RECO),0.006
9,2021-11-17 17:19:00,245,59363,ORACLE.EXE (W000),0.005
10,2021-11-17 17:19:00,246,16610,ORACLE.EXE (W005),0.005
1,2021-11-17 17:20:00,298,16664,ORACLE.EXE (MMNL),0.964
2,2021-11-17 17:20:00,357,36240,ORACLE.EXE (CJQ0),0.499
3,2021-11-17 17:20:00,239,26971,ORACLE.EXE (MMON),0.487
4,2021-11-17 17:20:00,359,10267,JDBC Thin Client,0.018
5,2021-11-17 17:20:00,415,25131,ORACLE.EXE (SMON),0.013
6,2021-11-17 17:20:00,6,53044,ORACLE.EXE (W001),0.009
7,2021-11-17 17:20:00,65,36248,ORACLE.EXE (W003),0.006
8,2021-11-17 17:20:00,61,55832,ORACLE.EXE (RECO),0.006
9,2021-11-17 17:20:00,245,59363,ORACLE.EXE (W000),0.005
10,2021-11-17 17:20:00,246,16610,ORACLE.EXE (W005),0.005
1,2021-11-17 17:21:00,298,16664,ORACLE.EXE (MMNL),0.972
2,2021-11-17 17:21:00,357,36240,ORACLE.EXE (CJQ0),0.499
3,2021-11-17 17:21:00,239,26971,ORACLE.EXE (MMON),0.487
4,2021-11-17 17:21:00,359,10267,JDBC Thin Client,0.018
5,2021-11-17 17:21:00,415,25131,ORACLE.EXE (SMON),0.013
6,2021-11-17 17:21:00,6,53044,ORACLE.EXE (W001),0.009
7,2021-11-17 17:21:00,65,36248,ORACLE.EXE (W003),0.006
8,2021-11-17 17:21:00,61,55832,ORACLE.EXE (RECO),0.006
9,2021-11-17 17:21:00,245,59363,ORACLE.EXE (W000),0.005
10,2021-11-17 17:21:00,246,16610,ORACLE.EXE (W005),0.005
1,2021-11-17 17:22:00,298,16664,ORACLE.EXE (MMNL),0.972
2,2021-11-17 17:22:00,357,36240,ORACLE.EXE (CJQ0),0.499
3,2021-11-17 17:22:00,239,26971,ORACLE.EXE (MMON),0.487
4,2021-11-17 17:22:00,359,10267,JDBC Thin Client,0.019
5,2021-11-17 17:22:00,415,25131,ORACLE.EXE (SMON),0.013
6,2021-11-17 17:22:00,6,53044,ORACLE.EXE (W001),0.009
7,2021-11-17 17:22:00,65,36248,ORACLE.EXE (W003),0.006
8,2021-11-17 17:22:00,61,55832,ORACLE.EXE (RECO),0.006
9,2021-11-17 17:22:00,245,59363,ORACLE.EXE (W000),0.005
10,2021-11-17 17:22:00,246,16610,ORACLE.EXE (W005),0.005
1,2021-11-17 17:23:00,298,16664,ORACLE.EXE (MMNL),0.972
2,2021-11-17 17:23:00,357,36240,ORACLE.EXE (CJQ0),0.5
3,2021-11-17 17:23:00,239,26971,ORACLE.EXE (MMON),0.488
4,2021-11-17 17:23:00,359,10267,JDBC Thin Client,0.019
5,2021-11-17 17:23:00,415,25131,ORACLE.EXE (SMON),0.013
6,2021-11-17 17:23:00,6,53044,ORACLE.EXE (W001),0.009
7,2021-11-17 17:23:00,65,36248,ORACLE.EXE (W003),0.006
8,2021-11-17 17:23:00,61,55832,ORACLE.EXE (RECO),0.006
9,2021-11-17 17:23:00,245,59363,ORACLE.EXE (W000),0.005
10,2021-11-17 17:23:00,246,16610,ORACLE.EXE (W005),0.005
1,2021-11-17 17:24:00,298,16664,ORACLE.EXE (MMNL),0.972
2,2021-11-17 17:24:00,357,36240,ORACLE.EXE (CJQ0),0.501
3,2021-11-17 17:24:00,239,26971,ORACLE.EXE (MMON),0.488
4,2021-11-17 17:24:00,359,10267,JDBC Thin Client,0.019
5,2021-11-17 17:24:00,415,25131,ORACLE.EXE (SMON),0.013
6,2021-11-17 17:24:00,6,53044,ORACLE.EXE (W001),0.009
7,2021-11-17 17:24:00,65,36248,ORACLE.EXE (W003),0.006
8,2021-11-17 17:24:00,61,55832,ORACLE.EXE (RECO),0.006
9,2021-11-17 17:24:00,245,59363,ORACLE.EXE (W000),0.005
10,2021-11-17 17:24:00,246,16610,ORACLE.EXE (W005),0.005
1,2021-11-17 17:25:00,298,16664,ORACLE.EXE (MMNL),0.972
2,2021-11-17 17:25:00,357,36240,ORACLE.EXE (CJQ0),0.501
3,2021-11-17 17:25:00,239,26971,ORACLE.EXE (MMON),0.489
4,2021-11-17 17:25:00,359,10267,JDBC Thin Client,0.02
5,2021-11-17 17:25:00,415,25131,ORACLE.EXE (SMON),0.013
6,2021-11-17 17:25:00,6,53044,ORACLE.EXE (W001),0.009
7,2021-11-17 17:25:00,65,36248,ORACLE.EXE (W003),0.006
8,2021-11-17 17:25:00,61,55832,ORACLE.EXE (RECO),0.006
9,2021-11-17 17:25:00,245,59363,ORACLE.EXE (W000),0.005
10,2021-11-17 17:25:00,246,16610,ORACLE.EXE (W005),0.005
1,2021-11-17 17:26:00,298,16664,ORACLE.EXE (MMNL),0.981
2,2021-11-17 17:26:00,357,36240,ORACLE.EXE (CJQ0),0.501
3,2021-11-17 17:26:00,239,26971,ORACLE.EXE (MMON),0.489
4,2021-11-17 17:26:00,359,10267,JDBC Thin Client,0.02
5,2021-11-17 17:26:00,415,25131,ORACLE.EXE (SMON),0.013
6,2021-11-17 17:26:00,6,53044,ORACLE.EXE (W001),0.009
7,2021-11-17 17:26:00,65,36248,ORACLE.EXE (W003),0.006
8,2021-11-17 17:26:00,61,55832,ORACLE.EXE (RECO),0.006
9,2021-11-17 17:26:00,245,59363,ORACLE.EXE (W000),0.005
10,2021-11-17 17:26:00,246,16610,ORACLE.EXE (W005),0.005
1,2021-11-17 17:27:00,298,16664,ORACLE.EXE (MMNL),0.981
2,2021-11-17 17:27:00,357,36240,ORACLE.EXE (CJQ0),0.502
3,2021-11-17 17:27:00,239,26971,ORACLE.EXE (MMON),0.489
4,2021-11-17 17:27:00,359,10267,JDBC Thin Client,0.02
5,2021-11-17 17:27:00,415,25131,ORACLE.EXE (SMON),0.013
6,2021-11-17 17:27:00,6,53044,ORACLE.EXE (W001),0.009
7,2021-11-17 17:27:00,65,36248,ORACLE.EXE (W003),0.006
8,2021-11-17 17:27:00,61,55832,ORACLE.EXE (RECO),0.006
9,2021-11-17 17:27:00,245,59363,ORACLE.EXE (W000),0.005
10,2021-11-17 17:27:00,246,16610,ORACLE.EXE (W005),0.005
1,2021-11-17 17:28:00,298,16664,ORACLE.EXE (MMNL),0.981
2,2021-11-17 17:28:00,357,36240,ORACLE.EXE (CJQ0),0.505
3,2021-11-17 17:28:00,239,26971,ORACLE.EXE (MMON),0.489
4,2021-11-17 17:28:00,359,10267,JDBC Thin Client,0.021
5,2021-11-17 17:28:00,415,25131,ORACLE.EXE (SMON),0.013
6,2021-11-17 17:28:00,6,53044,ORACLE.EXE (W001),0.009
7,2021-11-17 17:28:00,65,36248,ORACLE.EXE (W003),0.006
8,2021-11-17 17:28:00,61,55832,ORACLE.EXE (RECO),0.006
9,2021-11-17 17:28:00,245,59363,ORACLE.EXE (W000),0.005
10,2021-11-17 17:28:00,246,16610,ORACLE.EXE (W005),0.005
1,2021-11-17 17:29:00,298,16664,ORACLE.EXE (MMNL),0.981
2,2021-11-17 17:29:00,357,36240,ORACLE.EXE (CJQ0),0.506
3,2021-11-17 17:29:00,239,26971,ORACLE.EXE (MMON),0.489
4,2021-11-17 17:29:00,359,10267,JDBC Thin Client,0.021
5,2021-11-17 17:29:00,415,25131,ORACLE.EXE (SMON),0.013
6,2021-11-17 17:29:00,6,53044,ORACLE.EXE (W001),0.009
7,2021-11-17 17:29:00,65,36248,ORACLE.EXE (W003),0.006
8,2021-11-17 17:29:00,61,55832,ORACLE.EXE (RECO),0.006
9,2021-11-17 17:29:00,245,59363,ORACLE.EXE (W000),0.005
10,2021-11-17 17:29:00,246,16610,ORACLE.EXE (W005),0.005
1,2021-11-17 17:30:00,298,16664,ORACLE.EXE (MMNL),0.981
2,2021-11-17 17:30:00,357,36240,ORACLE.EXE (CJQ0),0.507
3,2021-11-17 17:30:00,239,26971,ORACLE.EXE (MMON),0.49
4,2021-11-17 17:30:00,359,10267,JDBC Thin Client,0.022
5,2021-11-17 17:30:00,415,25131,ORACLE.EXE (SMON),0.013
6,2021-11-17 17:30:00,6,53044,ORACLE.EXE (W001),0.009
7,2021-11-17 17:30:00,65,36248,ORACLE.EXE (W003),0.006
8,2021-11-17 17:30:00,61,55832,ORACLE.EXE (RECO),0.006
9,2021-11-17 17:30:00,245,59363,ORACLE.EXE (W000),0.005
10,2021-11-17 17:30:00,246,16610,ORACLE.EXE (W005),0.005
1,2021-11-17 17:31:00,298,16664,ORACLE.EXE (MMNL),0.99
2,2021-11-17 17:31:00,357,36240,ORACLE.EXE (CJQ0),0.507
3,2021-11-17 17:31:00,239,26971,ORACLE.EXE (MMON),0.49
4,2021-11-17 17:31:00,359,10267,JDBC Thin Client,0.022
5,2021-11-17 17:31:00,415,25131,ORACLE.EXE (SMON),0.013
6,2021-11-17 17:31:00,6,53044,ORACLE.EXE (W001),0.009
7,2021-11-17 17:31:00,65,36248,ORACLE.EXE (W003),0.006
8,2021-11-17 17:31:00,61,55832,ORACLE.EXE (RECO),0.006
9,2021-11-17 17:31:00,245,59363,ORACLE.EXE (W000),0.005
10,2021-11-17 17:31:00,246,16610,ORACLE.EXE (W005),0.005
1,2021-11-17 17:32:00,298,16664,ORACLE.EXE (MMNL),0.99
2,2021-11-17 17:32:00,357,36240,ORACLE.EXE (CJQ0),0.508
3,2021-11-17 17:32:00,239,26971,ORACLE.EXE (MMON),0.491
4,2021-11-17 17:32:00,359,10267,JDBC Thin Client,0.022
5,2021-11-17 17:32:00,415,25131,ORACLE.EXE (SMON),0.013
6,2021-11-17 17:32:00,6,53044,ORACLE.EXE (W001),0.009
7,2021-11-17 17:32:00,65,36248,ORACLE.EXE (W003),0.006
8,2021-11-17 17:32:00,61,55832,ORACLE.EXE (RECO),0.006
9,2021-11-17 17:32:00,245,59363,ORACLE.EXE (W000),0.005
10,2021-11-17 17:32:00,246,16610,ORACLE.EXE (W005),0.005
1,2021-11-17 17:33:00,298,16664,ORACLE.EXE (MMNL),0.99
2,2021-11-17 17:33:00,357,36240,ORACLE.EXE (CJQ0),0.509
3,2021-11-17 17:33:00,239,26971,ORACLE.EXE (MMON),0.491
4,2021-11-17 17:33:00,359,10267,JDBC Thin Client,0.022
5,2021-11-17 17:33:00,415,25131,ORACLE.EXE (SMON),0.013
6,2021-11-17 17:33:00,6,53044,ORACLE.EXE (W001),0.009
7,2021-11-17 17:33:00,65,36248,ORACLE.EXE (W003),0.006
8,2021-11-17 17:33:00,61,55832,ORACLE.EXE (RECO),0.006
9,2021-11-17 17:33:00,245,59363,ORACLE.EXE (W000),0.005
10,2021-11-17 17:33:00,246,16610,ORACLE.EXE (W005),0.005
1,2021-11-17 17:34:00,298,16664,ORACLE.EXE (MMNL),0.99
2,2021-11-17 17:34:00,357,36240,ORACLE.EXE (CJQ0),0.509
3,2021-11-17 17:34:00,239,26971,ORACLE.EXE (MMON),0.491
4,2021-11-17 17:34:00,359,10267,JDBC Thin Client,0.023
5,2021-11-17 17:34:00,415,25131,ORACLE.EXE (SMON),0.013
6,2021-11-17 17:34:00,6,53044,ORACLE.EXE (W001),0.009
7,2021-11-17 17:34:00,65,36248,ORACLE.EXE (W003),0.006
8,2021-11-17 17:34:00,61,55832,ORACLE.EXE (RECO),0.006
9,2021-11-17 17:34:00,245,59363,ORACLE.EXE (W000),0.005
10,2021-11-17 17:34:00,246,16610,ORACLE.EXE (W005),0.005
1,2021-11-17 17:35:00,298,16664,ORACLE.EXE (MMNL),0.99
2,2021-11-17 17:35:00,357,36240,ORACLE.EXE (CJQ0),0.509
3,2021-11-17 17:35:00,239,26971,ORACLE.EXE (MMON),0.491
4,2021-11-17 17:35:00,359,10267,JDBC Thin Client,0.023
5,2021-11-17 17:35:00,415,25131,ORACLE.EXE (SMON),0.013
6,2021-11-17 17:35:00,6,53044,ORACLE.EXE (W001),0.009
7,2021-11-17 17:35:00,65,36248,ORACLE.EXE (W003),0.006
8,2021-11-17 17:35:00,61,55832,ORACLE.EXE (RECO),0.006
9,2021-11-17 17:35:00,245,59363,ORACLE.EXE (W000),0.005
10,2021-11-17 17:35:00,246,16610,ORACLE.EXE (W005),0.005
1,2021-11-17 17:36:00,298,16664,ORACLE.EXE (MMNL),0.999
2,2021-11-17 17:36:00,357,36240,ORACLE.EXE (CJQ0),0.51
3,2021-11-17 17:36:00,239,26971,ORACLE.EXE (MMON),0.491
4,2021-11-17 17:36:00,359,10267,JDBC Thin Client,0.023
5,2021-11-17 17:36:00,415,25131,ORACLE.EXE (SMON),0.013
6,2021-11-17 17:36:00,6,53044,ORACLE.EXE (W001),0.009
7,2021-11-17 17:36:00,65,36248,ORACLE.EXE (W003),0.006
8,2021-11-17 17:36:00,61,55832,ORACLE.EXE (RECO),0.006
9,2021-11-17 17:36:00,245,59363,ORACLE.EXE (W000),0.005
10,2021-11-17 17:36:00,246,16610,ORACLE.EXE (W005),0.005
1,2021-11-17 17:37:00,298,16664,ORACLE.EXE (MMNL),0.999
2,2021-11-17 17:37:00,357,36240,ORACLE.EXE (CJQ0),0.51
3,2021-11-17 17:37:00,239,26971,ORACLE.EXE (MMON),0.491
4,2021-11-17 17:37:00,359,10267,JDBC Thin Client,0.024
5,2021-11-17 17:37:00,415,25131,ORACLE.EXE (SMON),0.013
6,2021-11-17 17:37:00,6,53044,ORACLE.EXE (W001),0.009
7,2021-11-17 17:37:00,65,36248,ORACLE.EXE (W003),0.006
8,2021-11-17 17:37:00,61,55832,ORACLE.EXE (RECO),0.006
9,2021-11-17 17:37:00,245,59363,ORACLE.EXE (W000),0.005
10,2021-11-17 17:37:00,246,16610,ORACLE.EXE (W005),0.005
1,2021-11-17 17:38:00,298,16664,ORACLE.EXE (MMNL),0.999
2,2021-11-17 17:38:00,357,36240,ORACLE.EXE (CJQ0),0.511
3,2021-11-17 17:38:00,239,26971,ORACLE.EXE (MMON),0.492
4,2021-11-17 17:38:00,359,10267,JDBC Thin Client,0.024
5,2021-11-17 17:38:00,415,25131,ORACLE.EXE (SMON),0.013
6,2021-11-17 17:38:00,6,53044,ORACLE.EXE (W001),0.009
7,2021-11-17 17:38:00,65,36248,ORACLE.EXE (W003),0.006
8,2021-11-17 17:38:00,61,55832,ORACLE.EXE (RECO),0.006
9,2021-11-17 17:38:00,245,59363,ORACLE.EXE (W000),0.005
10,2021-11-17 17:38:00,246,16610,ORACLE.EXE (W005),0.005
1,2021-11-17 17:39:00,298,16664,ORACLE.EXE (MMNL),0.999
2,2021-11-17 17:39:00,357,36240,ORACLE.EXE (CJQ0),0.511
3,2021-11-17 17:39:00,239,26971,ORACLE.EXE (MMON),0.492
4,2021-11-17 17:39:00,359,10267,JDBC Thin Client,0.025
5,2021-11-17 17:39:00,415,25131,ORACLE.EXE (SMON),0.013
6,2021-11-17 17:39:00,6,53044,ORACLE.EXE (W001),0.009
7,2021-11-17 17:39:00,65,36248,ORACLE.EXE (W003),0.006
8,2021-11-17 17:39:00,61,55832,ORACLE.EXE (RECO),0.006
9,2021-11-17 17:39:00,245,59363,ORACLE.EXE (W000),0.005
10,2021-11-17 17:39:00,246,16610,ORACLE.EXE (W005),0.005
1,2021-11-17 17:40:00,298,16664,ORACLE.EXE (MMNL),0.999
2,2021-11-17 17:40:00,357,36240,ORACLE.EXE (CJQ0),0.518
3,2021-11-17 17:40:00,239,26971,ORACLE.EXE (MMON),0.493
4,2021-11-17 17:40:00,359,10267,JDBC Thin Client,0.025
5,2021-11-17 17:40:00,415,25131,ORACLE.EXE (SMON),0.013
6,2021-11-17 17:40:00,6,53044,ORACLE.EXE (W001),0.009
7,2021-11-17 17:40:00,65,36248,ORACLE.EXE (W003),0.006
8,2021-11-17 17:40:00,61,55832,ORACLE.EXE (RECO),0.006
9,2021-11-17 17:40:00,245,59363,ORACLE.EXE (W000),0.005
10,2021-11-17 17:40:00,246,16610,ORACLE.EXE (W005),0.005
1,2021-11-17 17:41:00,298,16664,ORACLE.EXE (MMNL),1.009
2,2021-11-17 17:41:00,357,36240,ORACLE.EXE (CJQ0),0.518
3,2021-11-17 17:41:00,239,26971,ORACLE.EXE (MMON),0.493
4,2021-11-17 17:41:00,359,10267,JDBC Thin Client,0.026
5,2021-11-17 17:41:00,415,25131,ORACLE.EXE (SMON),0.013
6,2021-11-17 17:41:00,6,53044,ORACLE.EXE (W001),0.009
7,2021-11-17 17:41:00,65,36248,ORACLE.EXE (W003),0.006
8,2021-11-17 17:41:00,61,55832,ORACLE.EXE (RECO),0.006
9,2021-11-17 17:41:00,245,59363,ORACLE.EXE (W000),0.005
10,2021-11-17 17:41:00,246,16610,ORACLE.EXE (W005),0.005
1,2021-11-17 17:42:00,298,16664,ORACLE.EXE (MMNL),1.009
2,2021-11-17 17:42:00,357,36240,ORACLE.EXE (CJQ0),0.519
3,2021-11-17 17:42:00,239,26971,ORACLE.EXE (MMON),0.493
4,2021-11-17 17:42:00,359,10267,JDBC Thin Client,0.026
5,2021-11-17 17:42:00,415,25131,ORACLE.EXE (SMON),0.013
6,2021-11-17 17:42:00,6,53044,ORACLE.EXE (W001),0.009
7,2021-11-17 17:42:00,65,36248,ORACLE.EXE (W003),0.006
8,2021-11-17 17:42:00,61,55832,ORACLE.EXE (RECO),0.006
9,2021-11-17 17:42:00,245,59363,ORACLE.EXE (W000),0.005
10,2021-11-17 17:42:00,246,16610,ORACLE.EXE (W005),0.005
1,2021-11-17 17:43:00,298,16664,ORACLE.EXE (MMNL),1.009
2,2021-11-17 17:43:00,357,36240,ORACLE.EXE (CJQ0),0.52
3,2021-11-17 17:43:00,239,26971,ORACLE.EXE (MMON),0.494
4,2021-11-17 17:43:00,359,10267,JDBC Thin Client,0.026
5,2021-11-17 17:43:00,415,25131,ORACLE.EXE (SMON),0.013
6,2021-11-17 17:43:00,6,53044,ORACLE.EXE (W001),0.009
7,2021-11-17 17:43:00,65,36248,ORACLE.EXE (W003),0.006
8,2021-11-17 17:43:00,61,55832,ORACLE.EXE (RECO),0.006
9,2021-11-17 17:43:00,245,59363,ORACLE.EXE (W000),0.005
10,2021-11-17 17:43:00,246,16610,ORACLE.EXE (W005),0.005
1,2021-11-17 17:44:00,298,16664,ORACLE.EXE (MMNL),1.009
2,2021-11-17 17:44:00,357,36240,ORACLE.EXE (CJQ0),0.52
3,2021-11-17 17:44:00,239,26971,ORACLE.EXE (MMON),0.495
4,2021-11-17 17:44:00,359,10267,JDBC Thin Client,0.027
5,2021-11-17 17:44:00,415,25131,ORACLE.EXE (SMON),0.013
6,2021-11-17 17:44:00,6,53044,ORACLE.EXE (W001),0.009
7,2021-11-17 17:44:00,65,36248,ORACLE.EXE (W003),0.006
8,2021-11-17 17:44:00,61,55832,ORACLE.EXE (RECO),0.006
9,2021-11-17 17:44:00,245,59363,ORACLE.EXE (W000),0.005
10,2021-11-17 17:44:00,246,16610,ORACLE.EXE (W005),0.005
1,2021-11-17 17:45:00,298,16664,ORACLE.EXE (MMNL),1.009
2,2021-11-17 17:45:00,357,36240,ORACLE.EXE (CJQ0),0.52
3,2021-11-17 17:45:00,239,26971,ORACLE.EXE (MMON),0.495
4,2021-11-17 17:45:00,359,10267,JDBC Thin Client,0.027
5,2021-11-17 17:45:00,415,25131,ORACLE.EXE (SMON),0.013
6,2021-11-17 17:45:00,6,53044,ORACLE.EXE (W001),0.009
7,2021-11-17 17:45:00,65,36248,ORACLE.EXE (W003),0.006
8,2021-11-17 17:45:00,61,55832,ORACLE.EXE (RECO),0.006
9,2021-11-17 17:45:00,245,59363,ORACLE.EXE (W000),0.005
10,2021-11-17 17:45:00,246,16610,ORACLE.EXE (W005),0.005
1,2021-11-17 17:46:00,298,16664,ORACLE.EXE (MMNL),1.02
2,2021-11-17 17:46:00,357,36240,ORACLE.EXE (CJQ0),0.52
3,2021-11-17 17:46:00,239,26971,ORACLE.EXE (MMON),0.495
4,2021-11-17 17:46:00,359,10267,JDBC Thin Client,0.027
5,2021-11-17 17:46:00,415,25131,ORACLE.EXE (SMON),0.013
6,2021-11-17 17:46:00,6,53044,ORACLE.EXE (W001),0.009
7,2021-11-17 17:46:00,65,36248,ORACLE.EXE (W003),0.006
8,2021-11-17 17:46:00,61,55832,ORACLE.EXE (RECO),0.006
9,2021-11-17 17:46:00,245,59363,ORACLE.EXE (W000),0.005
10,2021-11-17 17:46:00,246,16610,ORACLE.EXE (W005),0.005
1,2021-11-17 17:47:00,298,16664,ORACLE.EXE (MMNL),1.02
2,2021-11-17 17:47:00,357,36240,ORACLE.EXE (CJQ0),0.521
3,2021-11-17 17:47:00,239,26971,ORACLE.EXE (MMON),0.495
4,2021-11-17 17:47:00,359,10267,JDBC Thin Client,0.027
5,2021-11-17 17:47:00,415,25131,ORACLE.EXE (SMON),0.013
6,2021-11-17 17:47:00,6,53044,ORACLE.EXE (W001),0.009
7,2021-11-17 17:47:00,65,36248,ORACLE.EXE (W003),0.006
8,2021-11-17 17:47:00,61,55832,ORACLE.EXE (RECO),0.006
9,2021-11-17 17:47:00,245,59363,ORACLE.EXE (W000),0.005
10,2021-11-17 17:47:00,246,16610,ORACLE.EXE (W005),0.005
1,2021-11-17 17:48:00,298,16664,ORACLE.EXE (MMNL),1.02
2,2021-11-17 17:48:00,357,36240,ORACLE.EXE (CJQ0),0.521
3,2021-11-17 17:48:00,239,26971,ORACLE.EXE (MMON),0.495
4,2021-11-17 17:48:00,359,10267,JDBC Thin Client,0.028
5,2021-11-17 17:48:00,415,25131,ORACLE.EXE (SMON),0.013
6,2021-11-17 17:48:00,6,53044,ORACLE.EXE (W001),0.009
7,2021-11-17 17:48:00,65,36248,ORACLE.EXE (W003),0.006
8,2021-11-17 17:48:00,61,55832,ORACLE.EXE (RECO),0.006
9,2021-11-17 17:48:00,245,59363,ORACLE.EXE (W000),0.005
10,2021-11-17 17:48:00,246,16610,ORACLE.EXE (W005),0.005
1,2021-11-17 17:49:00,298,16664,ORACLE.EXE (MMNL),1.02
2,2021-11-17 17:49:00,357,36240,ORACLE.EXE (CJQ0),0.521
3,2021-11-17 17:49:00,239,26971,ORACLE.EXE (MMON),0.496
4,2021-11-17 17:49:00,359,10267,JDBC Thin Client,0.028
5,2021-11-17 17:49:00,415,25131,ORACLE.EXE (SMON),0.013
6,2021-11-17 17:49:00,6,53044,ORACLE.EXE (W001),0.009
7,2021-11-17 17:49:00,65,36248,ORACLE.EXE (W003),0.006
8,2021-11-17 17:49:00,61,55832,ORACLE.EXE (RECO),0.006
9,2021-11-17 17:49:00,245,59363,ORACLE.EXE (W000),0.005
10,2021-11-17 17:49:00,246,16610,ORACLE.EXE (W005),0.005
1,2021-11-17 17:50:00,298,16664,ORACLE.EXE (MMNL),1.02
2,2021-11-17 17:50:00,357,36240,ORACLE.EXE (CJQ0),0.521
3,2021-11-17 17:50:00,239,26971,ORACLE.EXE (MMON),0.496
4,2021-11-17 17:50:00,359,10267,JDBC Thin Client,0.028
5,2021-11-17 17:50:00,415,25131,ORACLE.EXE (SMON),0.013
6,2021-11-17 17:50:00,6,53044,ORACLE.EXE (W001),0.009
7,2021-11-17 17:50:00,65,36248,ORACLE.EXE (W003),0.006
8,2021-11-17 17:50:00,61,55832,ORACLE.EXE (RECO),0.006
9,2021-11-17 17:50:00,245,59363,ORACLE.EXE (W000),0.005
10,2021-11-17 17:50:00,246,16610,ORACLE.EXE (W005),0.005
1,2021-11-17 17:51:00,298,16664,ORACLE.EXE (MMNL),1.028
2,2021-11-17 17:51:00,357,36240,ORACLE.EXE (CJQ0),0.524
3,2021-11-17 17:51:00,239,26971,ORACLE.EXE (MMON),0.496
4,2021-11-17 17:51:00,359,10267,JDBC Thin Client,0.028
5,2021-11-17 17:51:00,415,25131,ORACLE.EXE (SMON),0.013
6,2021-11-17 17:51:00,6,53044,ORACLE.EXE (W001),0.009
7,2021-11-17 17:51:00,65,36248,ORACLE.EXE (W003),0.006
8,2021-11-17 17:51:00,61,55832,ORACLE.EXE (RECO),0.006
9,2021-11-17 17:51:00,245,59363,ORACLE.EXE (W000),0.005
10,2021-11-17 17:51:00,246,16610,ORACLE.EXE (W005),0.005
1,2021-11-17 17:52:00,298,16664,ORACLE.EXE (MMNL),1.028
2,2021-11-17 17:52:00,357,36240,ORACLE.EXE (CJQ0),0.524
3,2021-11-17 17:52:00,239,26971,ORACLE.EXE (MMON),0.496
4,2021-11-17 17:52:00,359,10267,JDBC Thin Client,0.028
5,2021-11-17 17:52:00,415,25131,ORACLE.EXE (SMON),0.013
6,2021-11-17 17:52:00,6,53044,ORACLE.EXE (W001),0.009
7,2021-11-17 17:52:00,65,36248,ORACLE.EXE (W003),0.006
8,2021-11-17 17:52:00,61,55832,ORACLE.EXE (RECO),0.006
9,2021-11-17 17:52:00,245,59363,ORACLE.EXE (W000),0.005
10,2021-11-17 17:52:00,246,16610,ORACLE.EXE (W005),0.005
1,2021-11-17 17:53:00,298,16664,ORACLE.EXE (MMNL),1.028
2,2021-11-17 17:53:00,357,36240,ORACLE.EXE (CJQ0),0.524
3,2021-11-17 17:53:00,239,26971,ORACLE.EXE (MMON),0.496
4,2021-11-17 17:53:00,359,10267,JDBC Thin Client,0.029
5,2021-11-17 17:53:00,415,25131,ORACLE.EXE (SMON),0.013
6,2021-11-17 17:53:00,6,53044,ORACLE.EXE (W001),0.009
7,2021-11-17 17:53:00,65,36248,ORACLE.EXE (W003),0.006
8,2021-11-17 17:53:00,61,55832,ORACLE.EXE (RECO),0.006
9,2021-11-17 17:53:00,245,59363,ORACLE.EXE (W000),0.005
10,2021-11-17 17:53:00,246,16610,ORACLE.EXE (W005),0.005
1,2021-11-17 17:54:00,298,16664,ORACLE.EXE (MMNL),1.028
2,2021-11-17 17:54:00,357,36240,ORACLE.EXE (CJQ0),0.525
3,2021-11-17 17:54:00,239,26971,ORACLE.EXE (MMON),0.497
4,2021-11-17 17:54:00,359,10267,JDBC Thin Client,0.03
5,2021-11-17 17:54:00,415,25131,ORACLE.EXE (SMON),0.013
6,2021-11-17 17:54:00,6,53044,ORACLE.EXE (W001),0.009
7,2021-11-17 17:54:00,65,36248,ORACLE.EXE (W003),0.006
8,2021-11-17 17:54:00,61,55832,ORACLE.EXE (RECO),0.006
9,2021-11-17 17:54:00,245,59363,ORACLE.EXE (W000),0.005
10,2021-11-17 17:54:00,246,16610,ORACLE.EXE (W005),0.005
1,2021-11-17 17:55:00,298,16664,ORACLE.EXE (MMNL),1.028
2,2021-11-17 17:55:00,357,36240,ORACLE.EXE (CJQ0),0.525
3,2021-11-17 17:55:00,239,26971,ORACLE.EXE (MMON),0.497
4,2021-11-17 17:55:00,359,10267,JDBC Thin Client,0.031
5,2021-11-17 17:55:00,415,25131,ORACLE.EXE (SMON),0.014
6,2021-11-17 17:55:00,6,53044,ORACLE.EXE (W001),0.009
7,2021-11-17 17:55:00,65,36248,ORACLE.EXE (W003),0.006
8,2021-11-17 17:55:00,61,55832,ORACLE.EXE (RECO),0.006
9,2021-11-17 17:55:00,245,59363,ORACLE.EXE (W000),0.005
10,2021-11-17 17:55:00,246,16610,ORACLE.EXE (W005),0.005
1,2021-11-17 17:56:00,298,16664,ORACLE.EXE (MMNL),1.037
2,2021-11-17 17:56:00,357,36240,ORACLE.EXE (CJQ0),0.525
3,2021-11-17 17:56:00,239,26971,ORACLE.EXE (MMON),0.498
4,2021-11-17 17:56:00,359,10267,JDBC Thin Client,0.031
5,2021-11-17 17:56:00,415,25131,ORACLE.EXE (SMON),0.014
6,2021-11-17 17:56:00,6,53044,ORACLE.EXE (W001),0.009
7,2021-11-17 17:56:00,65,36248,ORACLE.EXE (W003),0.006
8,2021-11-17 17:56:00,61,55832,ORACLE.EXE (RECO),0.006
9,2021-11-17 17:56:00,245,59363,ORACLE.EXE (W000),0.005
10,2021-11-17 17:56:00,246,16610,ORACLE.EXE (W005),0.005
1,2021-11-18 10:09:00,298,16664,ORACLE.EXE (MMNL),1.147
2,2021-11-18 10:09:00,357,36240,ORACLE.EXE (CJQ0),0.576
3,2021-11-18 10:09:00,239,26971,ORACLE.EXE (MMON),0.508
4,2021-11-18 10:09:00,415,25131,ORACLE.EXE (SMON),0.015
5,2021-11-18 10:09:00,6,53044,ORACLE.EXE (W001),0.01
6,2021-11-18 10:09:00,65,36248,ORACLE.EXE (W003),0.007
7,2021-11-18 10:09:00,246,16610,ORACLE.EXE (W005),0.007
8,2021-11-18 10:09:00,61,55832,ORACLE.EXE (RECO),0.006
9,2021-11-18 10:09:00,245,59363,ORACLE.EXE (W000),0.005
10,2021-11-18 10:09:00,416,14351,ORACLE.EXE (W002),0.005
1,2021-11-18 10:10:00,298,16664,ORACLE.EXE (MMNL),1.156
2,2021-11-18 10:10:00,357,36240,ORACLE.EXE (CJQ0),0.576
3,2021-11-18 10:10:00,239,26971,ORACLE.EXE (MMON),0.509
4,2021-11-18 10:10:00,415,25131,ORACLE.EXE (SMON),0.015
5,2021-11-18 10:10:00,6,53044,ORACLE.EXE (W001),0.01
6,2021-11-18 10:10:00,65,36248,ORACLE.EXE (W003),0.007
7,2021-11-18 10:10:00,246,16610,ORACLE.EXE (W005),0.007
8,2021-11-18 10:10:00,61,55832,ORACLE.EXE (RECO),0.006
9,2021-11-18 10:10:00,245,59363,ORACLE.EXE (W000),0.005
10,2021-11-18 10:10:00,416,14351,ORACLE.EXE (W002),0.005
1,2021-11-18 10:17:00,298,16664,ORACLE.EXE (MMNL),1.164
2,2021-11-18 10:17:00,357,36240,ORACLE.EXE (CJQ0),0.582
3,2021-11-18 10:17:00,239,26971,ORACLE.EXE (MMON),0.51
4,2021-11-18 10:17:00,415,25131,ORACLE.EXE (SMON),0.015
5,2021-11-18 10:17:00,6,53044,ORACLE.EXE (W001),0.01
6,2021-11-18 10:17:00,65,36248,ORACLE.EXE (W003),0.007
7,2021-11-18 10:17:00,246,16610,ORACLE.EXE (W005),0.007
8,2021-11-18 10:17:00,61,55832,ORACLE.EXE (RECO),0.006
9,2021-11-18 10:17:00,245,59363,ORACLE.EXE (W000),0.005
10,2021-11-18 10:17:00,416,14351,ORACLE.EXE (W002),0.005
1,2021-11-18 10:22:00,298,16664,ORACLE.EXE (MMNL),1.171
2,2021-11-18 10:22:00,357,36240,ORACLE.EXE (CJQ0),0.584
3,2021-11-18 10:22:00,239,26971,ORACLE.EXE (MMON),0.511
4,2021-11-18 10:22:00,415,25131,ORACLE.EXE (SMON),0.015
5,2021-11-18 10:22:00,6,53044,ORACLE.EXE (W001),0.01
6,2021-11-18 10:22:00,65,36248,ORACLE.EXE (W003),0.007
7,2021-11-18 10:22:00,246,16610,ORACLE.EXE (W005),0.007
8,2021-11-18 10:22:00,61,55832,ORACLE.EXE (RECO),0.006
9,2021-11-18 10:22:00,245,59363,ORACLE.EXE (W000),0.005
10,2021-11-18 10:22:00,416,14351,ORACLE.EXE (W002),0.005
1,2021-11-18 10:23:00,298,16664,ORACLE.EXE (MMNL),1.171
2,2021-11-18 10:23:00,357,36240,ORACLE.EXE (CJQ0),0.584
3,2021-11-18 10:23:00,239,26971,ORACLE.EXE (MMON),0.511
4,2021-11-18 10:23:00,415,25131,ORACLE.EXE (SMON),0.015
5,2021-11-18 10:23:00,6,53044,ORACLE.EXE (W001),0.01
6,2021-11-18 10:23:00,65,36248,ORACLE.EXE (W003),0.007
7,2021-11-18 10:23:00,246,16610,ORACLE.EXE (W005),0.007
8,2021-11-18 10:23:00,61,55832,ORACLE.EXE (RECO),0.006
9,2021-11-18 10:23:00,245,59363,ORACLE.EXE (W000),0.005
10,2021-11-18 10:23:00,416,14351,ORACLE.EXE (W002),0.005